regime_id,volatility,mean_return,duration,skewness,kurtosis,sharpe_ratio
Regime_-1,0.911897235358069,-0.013257147938996334,232.0,-0.28066045460285827,0.5521717829254533,-0.014537984572122025
