,combined,SP500,Russell,NASDAQ
0,3.6693451104053967,3.7431702361774906,4.137580099620551,3.7660461290261646
