,combined,SP500,Russell,NASDAQ
0,0.866123642273659,0.8901896624865454,0.8865830300850567,0.8530418398858733
