,combined,SP500,Russell,NASDAQ
0,4.7456626673682525,4.592612288286525,4.98472774742014,4.743311709683341
