,combined,SP500,Russell,NASDAQ
0,0.6669075505751303,0.6670952644932112,0.6012181407007805,0.7447542919689378
