regime_id,volatility,mean_return,duration,skewness,kurtosis,sharpe_ratio
Regime_-1,0.6946850344059183,-0.25332223795559405,5.0,-0.5329404890812287,-1.282930079889086,-0.36465768716643004
