,combined,SP500,Russell,NASDAQ
0,5.906852591683019,6.532903862788554,6.483059253737041,6.4290505742149
