,combined,SP500,Russell,NASDAQ
0,0.7605870578080615,0.8080961934278656,0.7174870838740958,0.7780204405734517
