,combined,SP500,Russell,NASDAQ
0,-1.000000082690371e-10,-1.000000082690371e-10,-1.000000082690371e-10,-1.000000082690371e-10
