,combined,SP500,Russell,NASDAQ
0,0.9315175097276265,0.9626459143968871,0.7634241245136186,0.9688715953307393
