,combined,SP500,Russell,NASDAQ
0,6.446713186653896,6.2568754496629,6.77683842710621,6.277422661629717
