,combined,SP500,Russell,NASDAQ
0,0.7060973870057304,0.7603489596282409,0.6131501098103956,0.7493979595293033
